Bitstamp-Bid,Bitstamp-Ask,Binance-bid,Binance-ask
2018-3-22 09:03:07,0.06196000,0.06205595,0.06209800,0.06215800,bn-bs
2018-3-22 09:03:08,0.06196000,0.06205595,0.06210000,0.06215800,bn-bs
2018-3-22 09:12:34,0.06194001,0.06202996,0.06205000,0.06205500,bn-bs
2018-3-22 09:13:27,0.06204000,0.06214995,0.06196500,0.06196700,bs-bn
2018-3-22 09:13:28,0.06204000,0.06214995,0.06197000,0.06203700,bs-bn
